stt,word,lucky_number
1,ân ái,25-75
2,ăn cá to,05-60
3,ăn cắp xe đạp,34
4,ăn chay,86-85
5,ăn chua,93-39
6,ăn chuối,34-64
7,ăn cỗ,93-67
8,ăn cơm,74-85
9,ăn củ đậu,38-39
10,ăn hàng,03-04-52-19
11,ăn hoa quả,84-68
12,ăn khoai,75-85-58
13,ăn mày,01
14,ăn no quá,95-79
15,ăn thịt mèo,19-91
16,ăn thịt người,83-85
17,ăn tiệc,83-87
18,ăn tiệm,26-56-21
19,ăn tôm,83-89
20,ăn trộm cá,63-78-87
21,ăn trộm xe máy,04
22,ăn trộm,01-90
23,ăn trưa,01-02-92
24,ảnh bà cụ,54-59
25,ánh chớp,53
26,anh em gặp nhau,01
27,áo bay,40-45
28,áo bu dông,08-06-56
29,áo của chồng,07-70
30,áo của phụ nữ,00-02
31,áo của vợ,09-19-91
32,áo dài nữ,64-46
33,ao hồ sông ngòi,38-93-54
34,áo hoa,22-33
35,áo len,34-84
36,áo lót,09-59
37,áo mưa,87-42-07-67
38,áo tây,00-04
39,áo thể thao,43-34
40,áo trẻ em,01-00-05
41,ao ước,25-52
42,áo vét,95-54-59
43,ba ba,76
44,ba bố con ăn no,19
45,bà chết sống lại,93-96
46,bà chửa,09-29-39
47,bà già trẻ em,14-41
48,bà vãi,36-76
49,bãi biển,25-93
50,bãi cá,95-83
51,bài có tứ quý,63-64
52,bãi tha ma,78-87
53,bàn ăn bầy đẹp,06
54,bàn ăn dọn sạch,42-46
55,bắn bị thương,48
56,bàn cờ,14-54-74-94
57,bắn cung tên,77-72
58,bán hàng,18-28-98
59,bạn hiền,38-83
60,bán nhẫn vàng,67
61,bàn thờ bị đổ,05-55
62,bàn thờ nghi ngút,89-98
63,bàn thờ,15-43-46-95
64,băng đạn,32
65,bằng lòng đồng ý,52-32
66,bánh dày,85
67,bánh mì đen,35-54
68,bánh ngọt,52-02
69,bánh pháo,34
70,bánh tẩm bột rán,53-65
71,bánh xe,82
72,bao diêm,65
73,bảo lãnh đỡ đầu,86
74,bảo vật,06-31-63-82
75,báo,26-62
76,bắp cải,50-52
77,bắp ngô,85-35-53
78,bắt bớ,05-19
79,bắt cá ở suối,45
80,bát đĩa,85-87
81,bắt được nhiều cá,23-65-08-56
82,bật lửa,07-70-75
83,bất lực,26-32
84,bát ngọc,30-70
85,bát nhang,02-52-24
86,bắt rận cho chó,93-83
87,bát,31-38
88,bẻ gẫy đập vỡ,96-04
89,bè gỗ,19-69
90,bẻ ngô,53-35
91,bể nước ăn,45-62-21
92,bể nước,62-81
93,bể nuôi cá cảnh,14-54
94,bến xe,58-98
95,bếp củi cháy to,96-21
96,bếp đun,40-49
97,bếp lò,43-63-83
98,bẹp lốp xe,58-98
99,bếp lửa,20-25-54
100,bị bỏng lửa,69-80
101,bị bỏng nước sôi,02
102,bị bỏng vào đùi,17-71
103,bị bỏng vào mồm,16-50-15
104,bị bỏng vào tay,17-21
105,bị con gái bắt nạt,65-07
106,bị đấm,58
107,bị đánh bằng dao,01-12
108,bị đánh bất ngờ,91-41
109,bị ghép tội,46-73-21
110,bị giật dây chuyền,65
111,bị giật đồng hồ,06-41
112,bị kẻ thù dọa,39-72
113,bị mẹ chửi rủa,83-97
114,bị mẹ chửi,16-37
115,bị phạt,51-56
116,bị tấn công,02-05
117,bị thủ tiêu,06-14
118,bị thương,03-90-63
119,bị trấn lột,84-85
120,bị vây đuổi,83-38
121,bia mộ,05-85
122,biển cạn,58-53
123,biển xanh,68-83-06
124,biển,58
125,biếu cụ,58-85
126,bộ mặt buồn,51-56
127,bố bế con gái,07-57
128,bố bế con trai,81-11-52
129,bổ củi,83
130,bỏ mặc,01-10-11-16
131,bộ mặt đẹp,22-98-39
132,bộ mặt sầu,42-61
133,bộ mặt tươi cười,41-46
134,Bố mẹ bố con,20-60-21
135,bố nuôi,60-70
136,bộ quần áo vá,06-90
137,bỏ thuốc lá,12-21
138,bơi giữa sông,89-98
139,bơi lội,83-38-63-28
140,bơi nước trong,89-39
141,bom đạn,22-62
142,bốn người khiêng quan tài,43-44-54
143,bóng bàn,15-95-49
144,bóng đá,62
145,bóng đen,58
146,bông hoa,39
147,bóng ma,72-85
148,bóng rổ,02
149,bông sen,24-74
150,bù nhìn,27-29-79
151,bữa ăn một mình,74-31-84-14-16
152,bùa giải,16-18-78
153,bụi cây,56-65
154,bùn đầm lầy,82-62
155,bùn lấy,73-37-23
156,buộc mắc dây,07-14
157,bươm bướm,26-62
158,buồn phiền,42-32
159,buồn vì chồng,01-07
160,buồn vì vợ,09-90
161,buồng cau,10-30-70-75
162,buồng chuối,70-72
163,buồng kín,41-70-72
164,cá cảnh,40
165,cá chép,58
166,cá chuối,59
167,cá chuồn,76
168,ca hát vui chơi,19-29
169,ca hát,07-57-94
170,cá lóc,68
171,cá mây chiều,28-82
172,cá nướng,48
173,cá quả,45
174,cá rô,20-40-82
175,cá sấu,89
176,cá thường,56
177,cá to nhỏ,09
178,cá trạch,85
179,cá trắm,01-41-81-43
180,cá trắng,46
181,cá trê,48
182,cá vàng,20-29
183,cá,79
184,cái bàn,95
185,cái bình,85
186,cái cân,89-86
187,cái câu,01-26-73
188,cái cày,26-75-56
189,cái chậu,94-32
190,cái chày,11-98
191,cái chén,93
192,cái chổi,85-93
193,cái chum,75-35
194,cái cù,02-32-62
195,cái dấu,25-75
196,cái ghế,49-68
197,cái giếng,92-29
198,cái kẹo,36-02
199,cái kim,84-34
200,cái kính,85
201,cái làn,84-85
202,cái mả,30-70-40-90
203,cái mai,19-91-87
204,cái mâm,18-81-86
205,cái màn xanh,14-41
206,cái màn,85-97
207,cái miệng,78
208,cái miếu,63-68
209,cái môi,00-75
210,cái mũ,28-46-86-68
211,cái muôi,71
212,cái nhà,27-77-91-41
213,cái nhẫn,81
214,cãi nhau,36-37-68
215,cái nhìn hẹp hòi,72-72
216,cái nhìn nham hiểm,61-49
217,cái nhìn tốt,27-72
218,cái nón,05-15-75
219,cái tát,06
220,cái tẩu,26-75-21
221,cái thìa,54
222,cái thuổng,94-96
223,cái tích,93
224,cái xẻng,63-64
225,cái xích,79-82
226,căn buồng bình thường,20-21-40-60
227,cần câu,26-75
228,cảnh buồn,46
229,cánh cửa cũ,44-94
230,cánh cửa mới đóng,42-43-52
231,cánh cửa,28-83
232,cánh tay lông lá,42
233,cánh tay,18-81
234,cào cào,53
235,cạo râu,83-84
236,cắt tóc nam,14-54-65-45
237,cắt tóc nữ,57-85
238,cắt tóc,82-83-85
239,cát,36-63
240,câu cá ao hồ,08-80-85
241,câu cá rô,76
242,câu được cá,83-33
243,câu được rắn,01-81
244,cầu vồng,04-40-45
245,cây cảnh trong nhà,06
246,cày cấy,09-90-89
247,cây chuối,34-84
248,cây cổ thụ,50-54
249,cây khế,07-70
250,cây không hoa,75-85
251,cây nhiều lộc,04-05
252,cây nở hoa,43-16-61
253,cây sai quả,49-73-36
254,cây to,33-66-76
255,cây xoan,49-94
256,chải chuốt,20-30-60
257,chai lọ,34-50
258,chái thìa,63
259,chai,94-86
260,chăn gối,46-47-70
261,cánh chim,01-65
262,cháo lòng,49-97
263,chấy đầy đầu,57-59
264,cháy đồ điện,77-78-79
265,cháy đống rơm,17-71-27-72
266,chảy máu,08-19-29-69
267,cháy nhà,05-43-67
268,chấy rận,79-84-02
269,chém chuột,92
270,chém nhau,17-37-77
271,chén to,94-95
272,chết đuối sống lại,00-06
273,chết đuối,07-30-84
274,chết sống lại,62-74
275,chia ly,52-57-72
276,chiến thắng,96-86
277,chim bay,67
278,chim cánh cụt,24-78
279,chim đậu,87
280,chim hòa bình,32
281,chim ỉa vào người,27
282,chim sẻ đậu,76
283,chim trời,87
284,chó cắn chảy máu,98-99
285,chó cắn đuổi,58-38
286,chó cắn,29-92-93
287,cho con xe,69-96-64
288,cho con,05-75
289,chó đẻ,51-91
290,chó đến nhà,93-98
291,chó đen,94-68
293,chờ đợi,53-64
294,chó đuổi chạy xuống ao,68
295,chỗ kín đàn ông,01-21
296,cho xe,29-79-92
297,chợ,25-52
298,chơi cờ tướng,13-31
299,chơi đá bóng,89-97
300,chơi điện tử,46-48-84
301,chơi tú lơ khơ,03-62
302,chơi xuân,19-39
303,chữ số,22-82
304,chú tiểu,36-76
305,chứa bạc,52-57-63
306,chùa,05-56-26
307,chửi chồng,07-57-17
308,chuối,15-05-95
309,chuồn chuồn,26-65
310,chuồng xí,39-67
311,chuột bạch,02-20
312,chuột cống,57-45
313,chuột đồng,15-51
314,chuyển nhà xí,09
315,chuyển nhà,14-16
316,chý mô tơ,77-79
317,cờ bạc,28-01-51
318,cô liên,47-57
319,có máu,19-69-964
320,cơ may,79-38
321,cô tiên,17-35-19-91
322,cò trắng,84-00
323,cò xanh,02-73
324,cối giã cua,92-87
325,cối giã giò,86-48
326,con bò,88
327,con cá con,24-26-72
328,con cáo,48-28
329,con chai,68
330,con chấy,92-95-98
331,con chim,56-80
332,con chó con,48-49
333,con chó nhật,76
334,con chó,29-59-95
335,con chuột nhà,17-49
336,con chuột,02-20-55
337,con cóc,04
338,con công,98-67
339,con cua,67-89
340,con dê,15-35-75
341,con dệp,82-85
342,con đĩ,01-21-26
343,con đỉa,43
344,con điên,52-08-89
345,con ếch,28-43
346,con gái mình chết,35
347,con hạc,17-57
348,con hổ,06-60-30-46
349,con khỉ,72-27
350,con lợn,76
351,con lươn,56-90
352,con mèo,18-58-89
353,con mình chết,35
354,con mọt,05-39
355,con muỗi,46
356,con nai,34-48
357,con ngỗng,08-83
358,con ngựa,12-52-72
359,con nhái,26-62
360,con nhện,33-73
361,con ở,25-65-76
362,con ốc nhồi,67
363,con ốc,65
364,con quạ,25-62-65
365,con rái cá,48-79
366,con rắn,32-42-72
367,con rệp,98
368,con rết,94
369,con rồng,10-50-90
370,con ruồi,35
371,con sò,48
372,con sóc,69-79
373,con tàu,42-82
374,con thỏ,08-48-69
375,con thuyền,33-38
376,con tim,11-31-51-71
377,con tin,85-97
378,con tôm,58
379,con trai cho vàng,43
380,con trai đầu lòng,79
381,con trăn đầy người,86-87
382,con trăn,03-63
383,con trâu,03-63-86
384,con trĩ,01-21-61-26
385,con vẹm,61-62
386,con vịt,49
387,con voi,13-53
388,công an,14-34-54
389,cổng chào,20-40-80
390,cống rãnh,04-44
391,cổng trào,40-80-20
392,cột điện,11
393,củ cà rốt,01-51
394,củ khoai,75-95
395,củ su hào,00-01-06
396,cua bể,05-46-65
397,của đàn bà,27-87-28
398,cúng chay,37-71
399,cúng người chết,74
400,cúng tổ tiên,40-46
402,cuốc xẻng,65-54
403,cưỡi ngựa,41
404,cưới vợ,70-65-69
405,cười với bản thân,21-61
406,cười với nam,09-59
407,cười với phụ nữ,07-09
408,cưỡng ép,03-38-83
409,cứt bám lên mặt,03-07
410,cứt bám ngón tay,00-05
411,cứt bê bết đi mưa,14-41
412,cứt đầy ống quần phải thay,91-92
413,cứt vứt vào nhà,63
414,cứt,63-13
415,cứu đàn ông khỏi chết đuối,54
416,cứu người rơi xuống ao,07-16-18
417,đá bóng,00-09-08-05
418,đá lửa,06-60
419,đái dầm,20-60-70
420,đám cưới,07-09-75
421,đám ma,34-35-35
422,đắm thuyền trong ao,38-54
423,đàn bà chửa,10-82
424,đàn bà ghen,09-23
425,đàn bà khỏa thân,03-32
426,đàn chó,36-63
427,đàn kiến,29
428,đàn lợn,38-49
429,đàn ông khỏa thân,15-51
430,đàn ông ăn mày,04-54
431,đàn ông chết,06-26
432,đàn ông ghen,09-12-31
433,đàn trâu,31-51
434,đánh chết người,45-85
435,đánh chết rắn,25
436,đánh cuộc,27-72
437,đánh cướp,08-84
438,đánh đĩ,57-75
439,đánh ghen,49-87
440,đánh nhau bằng kiếm,60-61
441,đánh nhau có vũ khí,03
442,đánh nhau đổ máu,00-31-34-75
443,đánh nhau ném lựu đạn,67
444,đánh nhau,03-07-59
445,đánh răng,67-47-79
446,đánh vợ,52-51-53
447,đào đất,56
448,dao găm,07-17
449,đào giếng,65
450,đào móng nhà,47-74
451,dao phay,85
452,dao xây,16-61
453,dắt bò,02-28
454,dắt trâu,29
455,dầu hỏa,17-71-16-61
456,đầu nhiều chấy,78
457,đầu trâu,51-71-91
458,đầu vú,38-39-84
459,dây chuyền vàng,08-80
460,dậy võ,56-06
461,dây xích,04-46-61
462,đe dọa,37-73-78
463,đẻ ra cá,00-01-99-94
464,đẻ ra mèo,01-23-62
465,dê,56
466,đền cổ,46-66
467,đèn ông sao,44-55
468,đèn thần,07-57-75
469,đi bộ đội,15-53
470,đi câu không được cá,23-24-12
471,đi câu,64-74-24
472,đi chơi xuân,19-39
473,đi đái dắt,98-99
474,đi đánh được cá,76-87-78
475,đi đổ cứt,15-16-61
476,đi đò dọc,73-37-32
477,đi đò,73-04-44
478,đi du lịch,87
479,đi học,17
480,đi ỉ chảy,01-06
481,đi ỉ gặp người,67-76
482,đi ỉa chảy,01-06
483,đi ỉa đông người,08-09
484,đi ỉa gặp người,67-76
485,đi ỉa,86-98
486,đi làm,01-21-26
487,đi lễ,12-21
488,đi mua giầy,56-06
489,đi phà qua sông,17-18
490,đi tắm,39-93-83
491,đi tàu,39-87-78
492,đi thi,26
493,đi thuyền,23-59-93-39
494,đi trên sông,15-05
495,đi vắng,05-20-25
496,đi về gặp mưa,08-70-07
497,đi xa đánh nhau,93-39
498,đi xa ngoại tình,23-59
499,đi xe cúp,85-57
500,đỉa bám đầy người,28-11
501,đỉa bán vào chân,29
502,đỉa cắn người,58
503,địa ngục,12-63
504,diều hâu,68-67
505,đình chùa,01-40-80
506,đôi bít tất,96-39-83
507,đôi chim bồ câu,02-22
508,đôi dép,33-81
509,đôi giày ba ta,02-03
510,đòi nợ,53-35
511,đồi núi,68-86-81
512,đôi vẹt,83-87
513,đói,13-93-59
514,đom đóm,19-59
515,dọn nhà vệ sinh,26-62
516,dông bão,08
517,đồng hồ,95-58
518,đống lửa,08-48
519,đống rơm,25-50-27
520,đóng thuyền,04-44-71-54
521,động trạm của quý của đàn bà,65-63
522,đốt lò sưởi,03-37
523,đưa tang,27-72
524,dùng lửa đốt súc vật,48
525,đứng trên mái nhà,46-64
526,được bạc,82
527,được của,53-78-80
528,được thưởng,82-32
529,được tiền chia hai,05-50
530,được tiền,08-78
531,được vàng,01-10-15-75
532,đuổi bắt,15-57-72
533,dương vật,21-12-51
534,ếch,86
535,et xăng,64-74
536,gà con,07-08
537,gà thịt rồi,28-36
538,gà trống,55-57
539,gái đẹp,38-83
540,gặp ăn xin,24-76-86
541,gặp cây đa,09-05-12
542,gặp cụ già đạo đức,41-64-62
543,gặp đàn bà,28-87
544,gặp đàn ông,26-27
545,gặp gà,33-45-57
546,gặp lợn,59-62-27
547,gặp người nhà,70-75-78
548,gặp người yêu,46-47-87
549,gặp phà,28-52-93
550,gặp tiền,01-76-67
551,giá treo cổ,84-68
552,giải thoát,84-85
553,giáo viên,52-57
554,giấy tờ ướt,26-66
555,giếng nước,29-92
556,gieo trồng,57-46
557,giết lợn,82-32
558,giết người,83-47
559,giò chả,22-43
560,giò,78-84-89
561,giông bão,08-58-53
562,giun,11-94
563,hà mã,56
564,hai anh em bế nhau,73
565,hai bàn thờ,46-96-91
566,hai bố con,32-82-98
567,hai chị em gái đánh nhau,45-57
568,hai con chó,96-94
569,hai con mèo cắn nhau,86
570,hai lần thấy mẹ,62-83-68-80
571,hai người đàn ông chết đuối,04-06
572,hai người khiêng quan tài,83-87
573,hai quan tài,26-16-36
574,hai thằng ăn cắp,26-62
575,hãm hại,84
576,hầm tối tăm,87-82-87
577,hàn bánh xe,41-46
578,hành kinh,67-68
579,hát văn,25-50-55
580,heo rừng,78
581,hiện vật,65-56
582,hiếp dâm,92-84
583,hổ,78
584,hoa sen,45
585,hoa súng,10-20
586,hoàng tử,83-38
587,học trò,27-37
588,hòm đạn,90-95-59
589,hồn người chết,04-40-80-84
590,hôn nhau,00-84
591,hồn quý,75
592,hùm beo,29-40
593,hương cháy,07-20-70-57
594,hương đèn,06-31-63-82
595,ỉa bậy chùi đít không sạch,86-98-49-39
596,kè cầu ao,66-61-70
597,kẻ chăn trâu,13-31-60
598,kẻ cướp,03-83
599,kẻ trộm cậy cửa,79-20
600,kéo thuyền trên sông,06-60
601,kéo thuyền,38-83-88
602,kêu cứu,35-65
603,khách hàng,30-89
604,khách sạn,32-47
605,khai thác vàng,12-21-10-01
606,khâm phục,37-73
607,khăn mặt,73-96
608,khăn màu hồng,04-24
609,khăn nhung,78-87
610,khẩu pháo,70-72
611,khâu vá,36
612,khí giới,07-70
613,khỉ,56
614,khiêu vũ,42-47-43
615,khó đẻ,19-91-96
616,khỏa thân,18-81-48-48
617,khoai lang,51-52-95
618,khoang tầu,41-71
619,khoe,56-59
620,kì lân,65-78
621,kiếm,96
622,kim chỉ,11-94-15
623,lá rụng,51-59
624,lá thư,75-76-83
625,lá vàng,86-48
626,lái buôn,32
627,làm cổng,56
628,làm nhà hộ bạn,07-19
629,làm tình,19-69
630,lâu đài bị đốt,03-87
631,lâu đài,82-87
632,lấy đàn bà điên,83
633,lấy nước trong bể,02-07
634,lịch bắt cá,21-32
635,lò sưởi tắt,42-47
636,lọc dầu,37-57-97
637,lội ao vớt bèo,08-18
638,lội bì bõm,04-09-32
639,lội ruộng,09-90-99
640,lợn cắn,17-71-61
641,lợn đen nhỏ,38
642,lợn nhà,39
643,lợn quay,04-40
644,lớn trắng,74-79
645,lớp học đông người,81-84
646,lốp xe đạp,01-08
647,lửa cháy,07-27-67-87
648,lửa đảo,59
649,lửa đốt dế mèn,27-72
650,lúa gạo,08-80
651,lựu đạn,54-46
652,ma đuổi,33-34-35
653,ma hiện hình,37
654,mặc áo đẹp,12-33
655,mặc nhiều quần áo,79
656,mặc nhiều quần,06
657,mâm cơm nhiều người,29-94
658,mâm cơm,78-87
659,mất bô rô,52-28
660,mất cắp,86-84-39
661,mất của,35-44-66
662,mặt nạ,30-35-32
663,mất tiền,69-71
664,mặt trăng,18-81
665,mất trộm ti vi,15-78
666,mất trộm,01-03-43
667,mất ví,67
668,mất xe đạp lại tìm thấy được,28-13-61
669,mất xe đạp,28-82
670,mất xe tìm thấy được,67-64
671,mất xe tìm thấy,28-82-92
672,mắt,62-82-11-21-91-15
673,máu chảy nhiều,84-86-38
674,màu đỏ,28-68-82
675,màu trắng,01
676,màu vàng,10
677,màu xanh,09-90-45-95
678,máy bay đổ,59-95
679,máy bay,47-74-71-17
680,máy bơm nước,25-52
681,máy khâu,78-87
682,may quần áo mới,54
683,may,79-98-25
684,mẹ bế con gái,64-14
685,mẹ bế con trai,81-11-51
686,mẹ con,63-20
687,mẹ đỡ đầu,26-67-76
688,mèo cắn,29-14-41
689,mèo nằm ngủ,00-58
690,mèo nhà,18-81
691,mèo rừng,14-54-94
692,mèo trắng,23-32
693,mình bắn súng lục,61
694,mình bị bắt,84
695,mình bị đuổi,94-85
696,mình chém người,56
697,mình đá bóng,49-62
698,mình đỏ,72-91
699,mình ở khách sạn,64-69
700,mình thoát chết,86-87
701,mơ bố chết nhưng bố chưa chết,83-75
702,mơ chồng ngoại tình,90-87
703,mơ có vàng ngọc,03-63-83
704,mơ đi học,17-41-91-71
705,mơ hai chữ số,64-14
706,mơ hiện rõ hình,96-46
707,mơ lai gái,14-41
708,mồ mả,36-76
709,mơ mình bán hàng ăn,06-07
710,mơ ngủ,33-35-73
711,mơ người dị dạng,84-86
712,mơ nhiều con số,93-39
713,mơ nhiều trăn,95-87
714,mơ rắn vào nhà,22-23-30
715,mơ thấy ai chết không rõ,03-08
716,mơ thấy bà,42-27-51
717,mơ thấy bò,04-88
718,mơ thấy đàn ông,28-59
719,mơ thấy dế,33-45-99
720,mơ thấy đôi vợ chồng hạnh phúc,14-41
721,mơ thấy mẹ chết mà mẹ chưa chết,24-26
722,mơ thấy nhiều con số,92-93
723,mơ thấy tiền xu,01-02
724,mơ thấy tình địch,62-61
725,mơ trẻ con chết,92-65
726,mỏ vàng dưới sông,38-39
727,mơ vợ chết nhưng vợ chưa chết,73-54
728,mơ vợ chết,93-39
729,mơ vợ ngoại tình,03-93
730,mồm,18-81-85
731,món tiền nhỏ,03-07
732,một mình trong quán,79
733,mũ cứng,56-65
734,mũ phớt,01-02
735,mũ sắt,77-27-72
736,mua bán,15-25
737,mưa bão,29-69
738,mưa nhỏ,68-08-78
739,mua quạt điện,35
740,mưa rào,07-67-87
741,mưa,07-47-67-82
742,mực đen,10-90-78
743,múc nước giếng,06-37-63
744,mũi dao,36-76
745,mũi khoan,34-54-74
746,nằm đất,92
747,nam đèo nữ,12-25-92
748,nam đi xe máy,88-38
749,nam nữ yêu nhau,12-21
750,nắng,52-72-29-92
751,nạo thai,53-63-42
752,nếm đồ chua chát,68-54-45
753,nếm đồ ngọt,34-39
754,ném vào ma,65-66
755,ném,05-65-85
756,ngã,66-16-61
757,ngắm vuốt,17-38-81
758,nghe caset điện yếu,74
759,nghệ sỹ,10
760,nghèo khổ,19-14
761,nghi ngờ vàng giả,60
762,nghi ngờ,49-94
763,nghĩa địa,12-72-92
764,ngọc hoàng,05-15-17-95
765,ngọc,45-54-15
766,ngồi gãi chấy,15-14-16
767,ngũ hương,28-92
768,ngủ lang,96-86
769,ngủ với gái,21-61-28-75-57
770,ngủ,04-54-92
771,ngựa ăn cỏ,60-82
772,ngựa bay,77
773,ngựa,01-62
774,người ăn bánh mỳ,69
775,người bệnh,58-85-80
776,người bị chó cắn,96
777,người chết sống lại,85-37
778,người chết,26-65
779,người đàn ông ở trần,13-43
780,người dân tộc đánh nhau,83-37
781,người đập lửa,34-47-69
782,người đầy bùn,32-86
783,người đẻ khó,91
784,người đòi nợ,92-12
785,người già đến,56-86
786,người khó đẻ,91
787,người mẹ tốt,01-22-41
788,người mù,62-82-68
789,người nhà ma nhập,67-87-97
790,người rủ đánh bạc,71
791,người ta đánh mẹ chảy máu đầu,63-68-64
792,người tàn tật,93-91
793,người tây,13-43-93-98
794,người trèo bàn thờ,95-59
795,người trèo xuồng,02-61-89
796,người xa về,45-75-32
797,nhà bán hàng,24-64-78
798,nhà bằng bạc,02
799,nhà bé nhỏ,52-61
800,nhà đất lợp rạ,82-84
801,nhà đẹp,66-16
802,nhà hát,38-83
803,nhà hộ sinh,37-73-71-79
804,nhà mái bằng,46-64
805,nhà mát,32-23
806,nhà máy,48-68-28
807,nhà nghỉ mát,32
809,nhà ngói đỏ,84-92
810,nhà ở bình thường,26-66-86-96
811,nhà to,51-89
812,nhà tối tăm,25-65
813,nhà trẻ,27-37
814,nhà trọ,92-19
815,nhà trong rừng,02-18-51
816,nhà vệ sinh,34-71
817,nhà xe,65-66-67
818,nhận được của bố thí,48
819,nhẫn ngọc,37-73
820,nhận tiền của người con gái,88
821,nhẫn vàng,01-10-00
822,nhện trăng xa,63
823,nhện,56
824,nhiều ghế,44-84
825,nhiều hũ nước đái,96-69
826,nhiều màu,78
827,nhiều người đòi nợ mình,56
828,nhìn thấy máu người chảy,09-54
829,nhổ tóc sâu,64-46-41
830,nóc nhà,86-68
831,nồi áp suất,84-39
832,nói chuyện với bố,51-56
833,nói chuyện với mẹ,57-75
834,nói chuyện với người chết,84-29
835,nói chuyện với người đã chết,75-76-90-92
836,nói dối bạn,09-37
837,nói tục,41-91-96
838,nữ rụng răng,03-53-85
839,nước chảy,35-45-65
840,nước đái có máu,43
841,nước dâng cao,06-56-66
842,nước dâng vào ngõ,06-56
843,nước dâng,06-66-86-56-07-70-50
844,nước lụt,67-68
845,nước mắt,87-85
846,nước sông dâng cao,89-98
847,nước to vào nhà,06-08-56
848,nướng sắn,99-94
849,ổ khóa,95-86
850,ô tô cháy,47-56
851,ô tô hồ lô kẹt chết người,12-21-26
852,ô tô kẹp chết người,07-70
853,ôm nhau,64-85-97
854,ông chủ,21-26-22-27
855,ông cụ già,15-65-56-96
856,ông già cho quà,75
857,ông già,36-56-76
858,Ông sãi bà sãi,16-56-36
859,ông sư,16-61-36
860,ông táo,40-45-80-85
861,ông trời,37
862,ông tượng,82-06-43-88
863,phá ra cười,41-52-57
864,phải lội xuống ao,07
865,pháp sư,09-29-35-96
866,phát minh,06-17-37-97
867,phát sư,08-25-50
868,phật,57-75
869,phóc mơ tuya,99
870,phóng sự,25-26-27
871,phụ hồ,03-08-83
872,phụ lòng,18-28-78
873,phun nước trong nhà,06-66
874,phượng hoàng,13-78-98
875,quả bàng,31-32
876,quả bóng,11-45-72
877,quả bưởi,01-09-70
878,quả cam,05-25-55
879,qụa chết,36-80-85
880,quả chuối,34-43
881,quả đu đủ,58-89
882,quả dừa,50-70-09
883,quả na,13-14
884,quả quất,30-70
885,quả rụng,89-93
886,quả trên cây,84-48
887,quả,26-60
888,quái vật,30-39-17
889,quần áo vá nhiều,01-11
890,quần áo,09-06
891,quản bưởi,17-71
892,quần lót,02-59
893,quán rượu ngoài trời,69
894,quan tài bố nuôi,62-63
895,quan tài chôn rồi,01-51
896,quan tài chưa chôn,04
897,quan tài có xác chết,74-21
898,quan tài mở nắp,31-36
899,quan tài,06-56-26
900,quạt trần,82
901,quét nhà,34-43
902,cuốc xẻng,68
903,quyển vở,18-19
904,ra đa,45-54
905,ra suối mưa to,35-53
906,rắn bơi,21-82
907,rắn cắn gót chân,57
908,rắn cắn người,43-73
909,rắn cắn,14-59-95
910,rắn đất,38-78
911,rắn đuổi,69
912,rắn hai đầu,15-51
913,rắn quấn chân,96
914,rắn quấn người,49-97
915,rắn quấn,05-15-51
916,rắn rết,00-20-28-40-82
917,râu mọc dài,25-57
918,râu,03-53-07-75
919,rệp,26-64
920,rổ đỗ,28-48-68-86
921,rổ trứng,70-30
922,rơi kính đeo,32-89
923,rơm rạ,36-78
924,rồng bay,57-34
925,rùa biển,87
926,rửa chân,86-68
927,rùa,56
928,rụng cả hàm răng,03
929,rụng một chiếc răng,31
930,rụng răng,31-32-52-62
931,sấm sét,94-95-54
932,sang nhà láng giềng,42-43-64
933,sao trên trời,33-38
934,sắt,93-58
935,say rượu,35-45-90
936,sinh đẻ,27-56
937,sinh lí hai người,02-22
938,sổ điểm,30-35
939,sợ ma,75-23-96
940,sổ rách bìa,45-49
941,sổ sách,38-88
942,sông ngòi,42
943,sư sãi bắt đồn,76-46
944,sư tử,25-45
945,sửa lại hố xí,79-70
946,súng ak,86
947,súng b40,18-64
948,súng bắn dài,68
949,súng hơi,00-97
950,suối nước đục,09-18
951,suối nước trong,41-47
952,sụt lở,09-13
953,tai nạn ô tô,69-54
954,tai nạn tàu hỏa,07-26
955,tai nạn xe máy,95
956,tai nạn,00-07-70-46
957,tắm bồn,61-82-76
958,tắm nước lạnh,61-86
959,tắm nước trong,16-61
960,tắm sông,94-76
961,tàn sát,05-59
962,tảng đá,20-40-60-80
963,tập võ,70-72
964,tầu bay,10-11
965,tàu biển,11-70-90
966,tầu hỏa,74-72
967,tàu thủy cháy,38-83
968,tàu thủy,11-16
969,tẩy rửa,62-41-10-01
970,tên lửa,01
971,thạch thùng,32-72
972,tham ăn,69-84
973,thẩm phán quan tòa,24-89
974,thần chết,83-93
975,thần tài,36-39-79-10
976,than thở,90-95
977,thằng điên,74-75
978,thằng hề,03-08
979,thằng ngốc,29-90
980,thành lũy,40-45-54
981,thanh sắt,19-09
982,thất vọng,12-71-64
983,thấy bể nước,87-54-61
984,thầy bói,14-64-49
985,thấy có nước mà không người tắm,32-64-68-37
986,thầy cúng,40-45
987,thấy dây dầu,39
988,thấy người bé nhỏ,45-61
989,thấy người bị ám sát,22-37
990,thấy người bị treo cổ,95-97
991,thấy người cao lớn,21-32
992,thấy người còn trẻ,64-78
993,thấy người đi dạo,32-89
994,thấy người đội mũ,56-89
995,thấy người đốt làng,06-21-48
996,thấy người mua,68
997,thấy người to béo,25-75-74
998,thấy tiền,02-52-82
999,thấy treo cổ nhiều người,86
1000,thấy xác chết,04-60
1001,thèm khát tình yêu,86-31
1002,thi đỗ,26-28
1003,thi thố,00-62
1004,thìa,05-38
1005,thiên tài,49-79-29
1006,thiếu ngũ văn,63
1007,thỏ con,38-78
1008,thổ công,57-79
1009,thổ địa,38-78-87
1010,thợ làm bánh,03-21
1011,thợ xây,78-87-73
1012,thoát trấn lột,00-08
1013,thóc,34-74
1014,thỏi vàng,82-37
1015,thôn quê,57-75
1016,thua bạc,25-35
1017,thua xì,39-93-63
1018,thùng xách nước,70-93
1019,thước kẻ,11-05
1020,thuốc lá giả,92-29
1021,thuốc lá,08-85
1022,thuyền bị đắm,08-10-64
1023,thuyền xa lầy,73-23
1024,ti vi,78-73
1025,tiền giả,00-86
1026,tiền hai nghìn,53-96
1027,tiền hai trăm,12-78-89
1028,tiền năm nghìn,87
1029,tiền năm trăm,56-46
1030,tiên trên cao,47
1031,tiền,62-12-67
1032,tiết canh lợn,38-83
1033,tin mừng ở xa,12-02
1034,tin mừng,12-32
1035,tin xấu đột ngột,01-13
1036,tin xấu,02-03-04
1037,tình báo,49
1038,tình nhân ồn ào,47-48
1039,tính tiền nhầm,39-72
1040,tinh trùng,07-65-88
1041,tình tứ nói chuyện,34
1042,tình tứ,64-74-84
1043,tờ báo,49-98
1044,tờ giấy,89-39
1045,tòa án,39-04
1046,trắng hồng,24-84
1047,tranh,04-48-85
1048,trâu rừng,83-63
1049,trẻ con cãi nhau,98-89
1050,trèo nóc nhà,48-98
1051,trèo thang,78-33-79
1052,trời sao lác đác,31-49
1053,trời xanh,37-77-78
1054,trộm cắp,05-45-85
1055,trồng cây,84-97
1056,trông thấy hai đống cứt tròn,01-02-20
1057,trúng đề,26-36-76
1058,trúng quả đậm,75-84
1059,trúng số đề,86-68
1060,trường học,56-69-83-09
1061,từ giã,31-32-87
1062,tử hình sống lại,48-51-71
1063,tủ lạnh,24
1064,tủ lệch,89-85
1065,tự nhiên cười,14-21
1066,tủ sách,37-75
1067,tù tội,92-29
1068,tử vi,78
1069,tượng đá,06-56
1070,tuồng lương,09-92
1071,vào nhà máy,08-18-68
1072,vào vườn,09-90
1073,vây hãm,03-04
1074,vay mượn,06-86
1075,ve gái,65-63
1076,vệ sĩ,10-20-80-81
1077,vé sổ số,08-28
1078,vé thưởng,29-86
1079,vết máu,05-32-64
1080,viên đá nhỏ,00-05-38
1081,viên thuốc bổ,01
1082,vợ biến thành mèo,54
1083,vợ chồng cãi nhau,01-02-52
1084,vợ tự tử,08-18-56
1085,vợ vá nhờ quần áo,07-70
1086,vòng hoa,14-41
1087,vú,93-51-90-09
1088,vua quan,04
1089,vực thẳm,17-71
1090,xác chết nhiều,07-38-78
1091,xác chết,12-52
1092,xây bể nước,21-32
1093,xây dựng bàn thờ,27-72
1094,xây nhà rỡ đi,08-10
1095,xây nhà,14-16
1096,xe bò ba gác,07-87
1097,xe cần cẩu,56-65-51
1098,xe cấp cứu,05-50
1099,xe đạp,02-18-28
1100,xe điện,01-06-16
1101,xe đu,31-63-68
1102,xe hơi,82-92
1103,xe lu,31-41
1104,xe máy,42-47-72
1105,xe ngựa,15-52-92
1106,xem đá bóng,72-96
1107,xem đám ma,25-52
1108,xem đánh nhau,89
1109,xem hai bà cãi nhau,08
1110,xem kịch,13-63-35
1111,xem phim,90-78
1112,xì hơi xe,42-92
1113,xích lô,18-19-94
1114,xích mích với bạn,06
1115,xiên cá rô,03-05-50
1116,xóm cũ,64-47
1117,xung phong,92-94
1118,yêu đương,24-87-86
1119,yêu,75-70
